<?xml version="1.0" encoding="UTF-8"?>
    <addon id="repository.projekalma" name="Projek Alma" version="1.0.0" provider-name="Alma">
        <requires>
            <import addon="xbmc.addon" version="12.0.0"/>
        </requires>
        <extension point="xbmc.addon.repository" name="Projek Alma">
            <info compressed="false">https://github.com/albalang/AlmaRepo/tree/master/ProjekAlma/_plugins/addons.xml</info>
            <checksum>https://github.com/albalang/AlmaRepo/tree/master/ProjekAlma/_plugins/addons.xml.md5</checksum>
            <datadir zip="true">https://github.com/albalang/AlmaRepo/tree/master/ProjekAlma/_plugins/</datadir>
            <hashes>false</hashes>
        </extension>
        <extension point="xbmc.addon.metadata">
            <summary>Projek Alma Repo - Rumah Nusantara</summary>
            <description>Himpunan segala macam addon cap ayam. Kepuasan pasti tak terjamin.</description>
            <platform>all</platform>
    </extension>
</addon>